{
  "crude_usd": 90.72000122070312,
  "dow_1d_pct": -1.12,
  "dxy": 101.43900299072266,
  "gold_usd": 4053.800048828125,
  "nifty_1d_pct": -0.53,
  "sensex_1d_pct": -0.47,
  "sp500_1d_pct": -1.06,
  "us10y": 4.710999965667725,
  "usdinr": 96.57,
  "vix_in": 13.475000381469727,
  "vix_us": 19.329999923706055
}