{
  "crude_usd": 86.4000015258789,
  "dow_1d_pct": 0.0,
  "dxy": 101.10299682617188,
  "gold_usd": 4133.7001953125,
  "nifty_1d_pct": -0.79,
  "sensex_1d_pct": -0.92,
  "sp500_1d_pct": -0.2,
  "us10y": 4.6419997215271,
  "usdinr": 96.23,
  "vix_in": 13.292499542236328,
  "vix_us": 17.350000381469727
}