{
  "crude_usd": 73.94999694824219,
  "dow_1d_pct": 0.29,
  "dxy": 100.89900207519531,
  "gold_usd": 4070.300048828125,
  "nifty_1d_pct": 0.02,
  "sensex_1d_pct": 0.06,
  "sp500_1d_pct": 0.42,
  "us10y": 4.577000141143799,
  "usdinr": 95.34,
  "vix_in": 13.279999732971191,
  "vix_us": 16.360000610351562
}