{
  "crude_usd": 80.86000061035156,
  "dow_1d_pct": -1.06,
  "dxy": 100.83799743652344,
  "gold_usd": 3977.0,
  "nifty_1d_pct": 1.09,
  "sensex_1d_pct": 1.25,
  "sp500_1d_pct": -1.16,
  "us10y": 4.5329999923706055,
  "usdinr": 96.35,
  "vix_in": 13.149999618530273,
  "vix_us": 19.079999923706055
}