{
  "crude_usd": 74.0999984741211,
  "dow_1d_pct": 0.29,
  "dxy": 100.95899963378906,
  "gold_usd": 4068.60009765625,
  "nifty_1d_pct": 0.02,
  "sensex_1d_pct": 0.06,
  "sp500_1d_pct": 0.42,
  "us10y": 4.568999767303467,
  "usdinr": 95.34,
  "vix_in": 13.279999732971191,
  "vix_us": 16.420000076293945
}