{
  "crude_usd": 80.2300033569336,
  "dow_1d_pct": -0.15,
  "dxy": 100.72100067138672,
  "gold_usd": 4087.199951171875,
  "nifty_1d_pct": -0.66,
  "sensex_1d_pct": -0.72,
  "sp500_1d_pct": 0.16,
  "us10y": 4.574999809265137,
  "usdinr": 95.62,
  "vix_in": 13.75,
  "vix_us": 16.770000457763672
}