{
  "crude_usd": 81.66999816894531,
  "dow_1d_pct": 0.39,
  "dxy": 100.89399719238281,
  "gold_usd": 4014.89990234375,
  "nifty_1d_pct": -0.39,
  "sensex_1d_pct": -0.57,
  "sp500_1d_pct": 0.58,
  "us10y": 4.567999839782715,
  "usdinr": 96.28,
  "vix_in": 12.979999542236328,
  "vix_us": 18.139999389648438
}