{
  "crude_usd": 79.30999755859375,
  "dow_1d_pct": 0.26,
  "dxy": 100.41799926757812,
  "gold_usd": 4075.89990234375,
  "nifty_1d_pct": 0.11,
  "sensex_1d_pct": 0.17,
  "sp500_1d_pct": 0.38,
  "us10y": 4.545000076293945,
  "usdinr": 96.26,
  "vix_in": 13.270000457763672,
  "vix_us": 15.699999809265137
}