{
  "crude_usd": 71.25,
  "dow_1d_pct": 0.31,
  "dxy": 100.93800354003906,
  "gold_usd": 4113.0,
  "nifty_1d_pct": 1.02,
  "sensex_1d_pct": 1.08,
  "sp500_1d_pct": 0.32,
  "us10y": 4.568999767303467,
  "usdinr": 95.34,
  "vix_in": 12.2524995803833,
  "vix_us": 15.369999885559082
}