{
  "crude_usd": 80.13999938964844,
  "dow_1d_pct": 0.17,
  "dxy": 100.8280029296875,
  "gold_usd": 4070.39990234375,
  "nifty_1d_pct": -0.55,
  "sensex_1d_pct": -0.56,
  "sp500_1d_pct": 0.77,
  "us10y": 4.568999767303467,
  "usdinr": 96.2,
  "vix_in": 13.270000457763672,
  "vix_us": 16.170000076293945
}