{
  "crude_usd": 81.73999786376953,
  "dow_1d_pct": -0.16,
  "dxy": 100.96800231933594,
  "gold_usd": 4015.300048828125,
  "nifty_1d_pct": -0.39,
  "sensex_1d_pct": -0.57,
  "sp500_1d_pct": 0.38,
  "us10y": 4.5980000495910645,
  "usdinr": 96.45,
  "vix_in": 12.979999542236328,
  "vix_us": 17.559999465942383
}