{
  "crude_usd": 75.05999755859375,
  "dow_1d_pct": -0.4,
  "dxy": 101.2249984741211,
  "gold_usd": 4005.199951171875,
  "nifty_1d_pct": 0.02,
  "sensex_1d_pct": 0.06,
  "sp500_1d_pct": -0.71,
  "us10y": 4.613999843597412,
  "usdinr": 95.62,
  "vix_in": 13.279999732971191,
  "vix_us": 16.940000534057617
}