{
  "crude_usd": 84.31999969482422,
  "dow_1d_pct": 0.39,
  "dxy": 101.05400085449219,
  "gold_usd": 4059.300048828125,
  "nifty_1d_pct": -0.21,
  "sensex_1d_pct": -0.31,
  "sp500_1d_pct": 0.5,
  "us10y": 4.609999656677246,
  "usdinr": 96.45,
  "vix_in": 12.600000381469727,
  "vix_us": 17.829999923706055
}