{
  "crude_usd": 75.13999938964844,
  "dow_1d_pct": -0.33,
  "dxy": 101.1969985961914,
  "gold_usd": 4009.800048828125,
  "nifty_1d_pct": 0.02,
  "sensex_1d_pct": 0.06,
  "sp500_1d_pct": -0.63,
  "us10y": 4.605999946594238,
  "usdinr": 95.62,
  "vix_in": 13.279999732971191,
  "vix_us": 16.440000534057617
}