{
  "crude_usd": 80.44000244140625,
  "dow_1d_pct": 0.32,
  "dxy": 100.59700012207031,
  "gold_usd": 3996.199951171875,
  "nifty_1d_pct": -0.02,
  "sensex_1d_pct": 0.0,
  "sp500_1d_pct": -0.24,
  "us10y": 4.585999965667725,
  "usdinr": 96.26,
  "vix_in": 12.882499694824219,
  "vix_us": 16.139999389648438
}