{
  "crude_usd": 78.80999755859375,
  "dow_1d_pct": 0.33,
  "dxy": 100.74700164794922,
  "gold_usd": 4055.300048828125,
  "nifty_1d_pct": 0.11,
  "sensex_1d_pct": 0.17,
  "sp500_1d_pct": 0.14,
  "us10y": 4.549000263214111,
  "usdinr": 96.26,
  "vix_in": 13.270000457763672,
  "vix_us": 16.09000015258789
}