{
  "crude_usd": 90.18000030517578,
  "dow_1d_pct": 0.18,
  "dxy": 101.4729995727539,
  "gold_usd": 4049.199951171875,
  "nifty_1d_pct": -0.43,
  "sensex_1d_pct": -0.43,
  "sp500_1d_pct": 0.03,
  "us10y": 4.683000087738037,
  "usdinr": 96.59,
  "vix_in": 14.029999732971191,
  "vix_us": 18.8799991607666
}