{
  "crude_usd": 72.73999786376953,
  "dow_1d_pct": 0.29,
  "dxy": 100.90699768066406,
  "gold_usd": 4083.39990234375,
  "nifty_1d_pct": 0.04,
  "sensex_1d_pct": 0.14,
  "sp500_1d_pct": 0.42,
  "us10y": 4.568999767303467,
  "usdinr": 95.34,
  "vix_in": 13.242500305175781,
  "vix_us": 16.229999542236328
}