{
  "crude_usd": 71.22000122070312,
  "dow_1d_pct": 0.18,
  "dxy": 100.74700164794922,
  "gold_usd": 4123.39990234375,
  "nifty_1d_pct": 1.02,
  "sensex_1d_pct": 1.08,
  "sp500_1d_pct": 0.23,
  "us10y": 4.552999973297119,
  "usdinr": 95.34,
  "vix_in": 12.2524995803833,
  "vix_us": 15.40999984741211
}