{
  "crude_usd": 71.9800033569336,
  "dow_1d_pct": 0.27,
  "dxy": 100.86000061035156,
  "gold_usd": 4111.7998046875,
  "nifty_1d_pct": 1.02,
  "sensex_1d_pct": 1.08,
  "sp500_1d_pct": 0.81,
  "us10y": 4.545000076293945,
  "usdinr": 95.39,
  "vix_in": 12.2524995803833,
  "vix_us": 15.789999961853027
}